"Source:","C:\Users\Michael\DATA\Projects\pico-vga\pcb\pico-vga\pico-vga.kicad_sch"
"Date:","5/30/2023 8:29:14 PM"
"Tool:","Eeschema (6.0.8)"
"Generator:","C:\Program Files\KiCad\6.0\bin\scripting\plugins/bom_csv_grouped_by_value.py"
"Component Count:","44"

"Individual Components:"

"Item","Qty","Reference(s)","Value","LibPart","Footprint","Datasheet","Part Number"
"","","C1","47u","Device:C","Capacitor_SMD:C_0805_2012Metric_Pad1.18x1.45mm_HandSolder","~",""
"","","C2","100n","Device:C","Capacitor_SMD:C_0805_2012Metric_Pad1.18x1.45mm_HandSolder","~",""
"","","C3","47u","Device:C","Capacitor_SMD:C_0805_2012Metric_Pad1.18x1.45mm_HandSolder","~",""
"","","C4","100n","Device:C","Capacitor_SMD:C_0805_2012Metric_Pad1.18x1.45mm_HandSolder","~",""
"","","C5","47u","Device:C","Capacitor_SMD:C_0805_2012Metric_Pad1.18x1.45mm_HandSolder","~",""
"","","D1","LED","Device:LED","LED_SMD:LED_0805_2012Metric_Pad1.15x1.40mm_HandSolder","~",""
"","","D2","MMSZ5233BT1G","Device:D_Zener","Diode_SMD:D_SOD-123","~","MMSZ5233BT1G"
"","","J1","DB15_Female_HighDensity","Connector:DB15_Female_HighDensity","Connector_Dsub:DSUB-15-HD_Female_Horizontal_P2.29x1.98mm_EdgePinOffset8.35mm_Housed_MountingHolesOffset10.89mm"," ~","L77HDE15SD1CH4FVGA"
"","","J2","Micro_SD_Card_Det","Connector:Micro_SD_Card_Det","pico-vga:MEM2061-01-188-00-A_GCT","https://www.hirose.com/product/en/download_file/key_name/DM3/category/Catalog/doc_file_id/49662/?file_category_id=4&item_id=195&is_series=1","MEM2061-01-188-00-A"
"","","J3","USB_A","Connector:USB_A","Connector_USB:USB_A_Molex_67643_Horizontal"," ~","USB-A1HSB6"
"","","J4","USB_A","Connector:USB_A","Connector_USB:USB_A_Molex_67643_Horizontal"," ~","USB-A1HSB6"
"","","J5","Conn_01x04_Male","Connector:Conn_01x04_Male","Connector_PinHeader_2.54mm:PinHeader_1x04_P2.54mm_Horizontal","~",""
"","","J6","AudioJack3","Connector:AudioJack3","pico-vga:STX-3000_KYC","~","STX-3000"
"","","J7","Conn_01x02_Male","Connector:Conn_01x02_Male","Connector_PinHeader_2.54mm:PinHeader_1x02_P2.54mm_Horizontal","~",""
"","","J8","USB_A","Connector:USB_A","Connector_USB:USB_A_Molex_67643_Horizontal"," ~","USB-A1HSB6"
"","","J9","USB_A","Connector:USB_A","Connector_USB:USB_A_Molex_67643_Horizontal"," ~","USB-A1HSB6"
"","","Q1","DMP3099L-7","Device:Q_PMOS_GSD","Package_TO_SOT_SMD:SOT-23","~","DMP3099L-7"
"","","R1","1K","Device:R","Resistor_SMD:R_0805_2012Metric_Pad1.20x1.40mm_HandSolder","~",""
"","","R2","470","Device:R","Resistor_SMD:R_0805_2012Metric_Pad1.20x1.40mm_HandSolder","~",""
"","","R3","33","Device:R","Resistor_SMD:R_0805_2012Metric_Pad1.20x1.40mm_HandSolder","~",""
"","","R4","1.2K","Device:R","Resistor_SMD:R_0805_2012Metric_Pad1.20x1.40mm_HandSolder","~",""
"","","R5","2.2K","Device:R","Resistor_SMD:R_0805_2012Metric_Pad1.20x1.40mm_HandSolder","~",""
"","","R6","470","Device:R","Resistor_SMD:R_0805_2012Metric_Pad1.20x1.40mm_HandSolder","~",""
"","","R7","33","Device:R","Resistor_SMD:R_0805_2012Metric_Pad1.20x1.40mm_HandSolder","~",""
"","","R8","1.2K","Device:R","Resistor_SMD:R_0805_2012Metric_Pad1.20x1.40mm_HandSolder","~",""
"","","R9","2.2K","Device:R","Resistor_SMD:R_0805_2012Metric_Pad1.20x1.40mm_HandSolder","~",""
"","","R10","4.7k","Device:R","Resistor_SMD:R_0805_2012Metric_Pad1.20x1.40mm_HandSolder","~",""
"","","R11","4.7k","Device:R","Resistor_SMD:R_0805_2012Metric_Pad1.20x1.40mm_HandSolder","~",""
"","","R12","390","Device:R","Resistor_SMD:R_0805_2012Metric_Pad1.20x1.40mm_HandSolder","~",""
"","","R13","47","Device:R","Resistor_SMD:R_0805_2012Metric_Pad1.20x1.40mm_HandSolder","~",""
"","","R14","1K","Device:R","Resistor_SMD:R_0805_2012Metric_Pad1.20x1.40mm_HandSolder","~",""
"","","R15","1M","Device:R","Resistor_SMD:R_0805_2012Metric_Pad1.20x1.40mm_HandSolder","~",""
"","","R16","220","Device:R","Resistor_SMD:R_0805_2012Metric_Pad1.20x1.40mm_HandSolder","~",""
"","","R17","100","Device:R","Resistor_SMD:R_0805_2012Metric_Pad1.20x1.40mm_HandSolder","~",""
"","","R18","1.8K","Device:R","Resistor_SMD:R_0805_2012Metric_Pad1.20x1.40mm_HandSolder","~",""
"","","R19","1M","Device:R","Resistor_SMD:R_0805_2012Metric_Pad1.20x1.40mm_HandSolder","~",""
"","","R20","1M","Device:R","Resistor_SMD:R_0805_2012Metric_Pad1.20x1.40mm_HandSolder","~",""
"","","R21","220","Device:R","Resistor_SMD:R_0805_2012Metric_Pad1.20x1.40mm_HandSolder","~",""
"","","R22","100","Device:R","Resistor_SMD:R_0805_2012Metric_Pad1.20x1.40mm_HandSolder","~",""
"","","R23","1.8K","Device:R","Resistor_SMD:R_0805_2012Metric_Pad1.20x1.40mm_HandSolder","~",""
"","","R24","1M","Device:R","Resistor_SMD:R_0805_2012Metric_Pad1.20x1.40mm_HandSolder","~",""
"","","R25","1M","Device:R","Resistor_SMD:R_0805_2012Metric_Pad1.20x1.40mm_HandSolder","~",""
"","","SW1","SW_Push","Switch:SW_Push","Button_Switch_THT:SW_PUSH_6mm_H4.3mm","~",""
"","","U1","Raspberry_Pi_Pico","pico-vga:Raspberry_Pi_Pico","pico-vga:Raspberry_Pi_Pico","",""



"Collated Components:"

"Item","Qty","Reference(s)","Value","LibPart","Footprint","Datasheet","Part Number"
"1","3","C1, C3, C5","47u","Device:C","Capacitor_SMD:C_0805_2012Metric_Pad1.18x1.45mm_HandSolder","~",""
"2","2","C2, C4","100n","Device:C","Capacitor_SMD:C_0805_2012Metric_Pad1.18x1.45mm_HandSolder","~",""
"3","1","D1","LED","Device:LED","LED_SMD:LED_0805_2012Metric_Pad1.15x1.40mm_HandSolder","~",""
"4","1","D2","MMSZ5233BT1G","Device:D_Zener","Diode_SMD:D_SOD-123","~","MMSZ5233BT1G"
"5","1","J1","DB15_Female_HighDensity","Connector:DB15_Female_HighDensity","Connector_Dsub:DSUB-15-HD_Female_Horizontal_P2.29x1.98mm_EdgePinOffset8.35mm_Housed_MountingHolesOffset10.89mm"," ~","L77HDE15SD1CH4FVGA"
"6","1","J2","Micro_SD_Card_Det","Connector:Micro_SD_Card_Det","pico-vga:MEM2061-01-188-00-A_GCT","https://www.hirose.com/product/en/download_file/key_name/DM3/category/Catalog/doc_file_id/49662/?file_category_id=4&item_id=195&is_series=1","MEM2061-01-188-00-A"
"7","4","J3, J4, J8, J9","USB_A","Connector:USB_A","Connector_USB:USB_A_Molex_67643_Horizontal"," ~","USB-A1HSB6"
"8","1","J5","Conn_01x04_Male","Connector:Conn_01x04_Male","Connector_PinHeader_2.54mm:PinHeader_1x04_P2.54mm_Horizontal","~",""
"9","1","J6","AudioJack3","Connector:AudioJack3","pico-vga:STX-3000_KYC","~","STX-3000"
"10","1","J7","Conn_01x02_Male","Connector:Conn_01x02_Male","Connector_PinHeader_2.54mm:PinHeader_1x02_P2.54mm_Horizontal","~",""
"11","1","Q1","DMP3099L-7","Device:Q_PMOS_GSD","Package_TO_SOT_SMD:SOT-23","~","DMP3099L-7"
"12","2","R1, R14","1K","Device:R","Resistor_SMD:R_0805_2012Metric_Pad1.20x1.40mm_HandSolder","~",""
"13","2","R2, R6","470","Device:R","Resistor_SMD:R_0805_2012Metric_Pad1.20x1.40mm_HandSolder","~",""
"14","2","R3, R7","33","Device:R","Resistor_SMD:R_0805_2012Metric_Pad1.20x1.40mm_HandSolder","~",""
"15","2","R4, R8","1.2K","Device:R","Resistor_SMD:R_0805_2012Metric_Pad1.20x1.40mm_HandSolder","~",""
"16","2","R5, R9","2.2K","Device:R","Resistor_SMD:R_0805_2012Metric_Pad1.20x1.40mm_HandSolder","~",""
"17","2","R10, R11","4.7k","Device:R","Resistor_SMD:R_0805_2012Metric_Pad1.20x1.40mm_HandSolder","~",""
"18","1","R12","390","Device:R","Resistor_SMD:R_0805_2012Metric_Pad1.20x1.40mm_HandSolder","~",""
"19","1","R13","47","Device:R","Resistor_SMD:R_0805_2012Metric_Pad1.20x1.40mm_HandSolder","~",""
"20","5","R15, R19, R20, R24, R25","1M","Device:R","Resistor_SMD:R_0805_2012Metric_Pad1.20x1.40mm_HandSolder","~",""
"21","2","R16, R21","220","Device:R","Resistor_SMD:R_0805_2012Metric_Pad1.20x1.40mm_HandSolder","~",""
"22","2","R17, R22","100","Device:R","Resistor_SMD:R_0805_2012Metric_Pad1.20x1.40mm_HandSolder","~",""
"23","2","R18, R23","1.8K","Device:R","Resistor_SMD:R_0805_2012Metric_Pad1.20x1.40mm_HandSolder","~",""
"24","1","SW1","SW_Push","Switch:SW_Push","Button_Switch_THT:SW_PUSH_6mm_H4.3mm","~",""
"25","1","U1","Raspberry_Pi_Pico","pico-vga:Raspberry_Pi_Pico","pico-vga:Raspberry_Pi_Pico","",""
